print_id,card_number,name_ja,tags,ko_name,ko_text,ko_memo
178,hBD24-001,パヴォリア・レイネ,,,,
179,hBD24-002,獅白ぼたん,,,,
184,hBD24-003,戌神ころね,,,,
181,hBD24-004,白上フブキ,,,,
183,hBD24-005,姫森ルーナ,,,,
180,hBD24-006,クレイジー・オリー,,,,
187,hBD24-007,ジジ・ムリン,,,,
182,hBD24-008,ベスティア・ゼータ,,,,
186,hBD24-009,セシリア・イマーグリーン,,,,
185,hBD24-010,雪花ラミィ,,,,
188,hBD24-011,ネリッサ・レイヴンクロフト,,,,
189,hBD24-012,白銀ノエル,,,,
190,hBD24-013,紫咲シオン,,,,
191,hBD24-014,こぼ・かなえる,,,,
192,hBD24-015,百鬼あやめ,,,,
194,hBD24-016,沙花叉クロヱ,,,,
193,hBD24-017,兎田ぺこら,,,,
202,hBD24-018,アユンダ・リス,,,,
198,hBD24-019,尾丸ポルカ,,,,
200,hBD24-020,フワワ・アビスガード,,,,
197,hBD24-021,モココ・アビスガード,,,,
196,hBD24-022,儒烏風亭らでん,,,,
201,hBD24-023,癒月ちょこ,,,,
199,hBD24-024,ムーナ・ホシノヴァ,,,,
195,hBD24-025,アキ・ローゼンタール,,,,
203,hBD24-026,猫又おかゆ,,,,
205,hBD24-027,火威青,,,,
204,hBD24-028,ハコス・ベールズ,,,,
206,hBD24-029,さくらみこ,,,,
208,hBD24-030,アーニャ・メルフィッサ,,,,
207,hBD24-031,オーロ・クロニー,,,,
209,hBD24-032,博衣こより,,,,
213,hBD24-033,IRyS,,,,
216,hBD24-034,星街すいせい,,,,
210,hBD24-035,桃鈴ねね,,,,
217,hBD24-036,不知火フレア,,,,
215,hBD24-037,森カリオペ,,,,
211,hBD24-038,古石ビジュー,,,,
214,hBD24-039,音乃瀬奏,,,,
212,hBD24-040,天音かなた,,,,
143,hBD24-041,エリザベス・ローズ・ブラッドフレイム,,,,
144,hBD24-042,シオリ・ノヴェラ,,,,
218,hBD24-043,ラオーラ・パンテーラ,,,,
220,hBD24-044,一条莉々華,,,,
145,hBD24-045,ときのそら,,,,
146,hBD24-046,一伊那尓栖,,,,
219,hBD24-047,ロボ子さん,,,,
221,hBD24-048,ラプラス・ダークネス,,,,
222,hBD24-049,響咲リオナ,,,,
223,hBD24-050,角巻わため,,,,
147,hBD24-051,轟はじめ,,,,
224,hBD24-052,鷹嶺ルイ,,,,
148,hBD24-053,水宮枢,,,,
226,hBD24-054,風真いろは,,,,
149,hBD24-055,AZKi,,,,
228,hBD24-056,大空スバル,,,,
154,hBD24-057,小鳥遊キアラ,,,,
157,hBD24-058,輪堂千速,,,,
155,hBD24-059,アイラニ・イオフィフティーン,,,,
153,hBD24-060,虎金妃笑虎,,,,
156,hBD24-061,宝鐘マリン,,,,
151,hBD24-062,常闇トワ,,,,
152,hBD24-063,赤井はあと,,,,
150,hBD24-064,大神ミオ,,,,
158,hBD24-065,綺々羅々ヴィヴィ,,,,
159,hBD24-066,カエラ・コヴァルスキア,,,,
227,hBP01-001,天音かなた,,,,
232,hBP01-002,七詩ムメイ,,,,
225,hBP01-003,アキ・ローゼンタール,,,,
229,hBP01-004,兎田ぺこら,,,,
230,hBP01-005,鷹嶺ルイ,,,,
231,hBP01-006,小鳥遊キアラ,,,,
233,hBP01-007,星街すいせい,,,,
234,hBP01-008,こぼ・かなえる,,,,
235,hBP01-009,天音かなた,"#4期生, #JP, #歌",,,
236,hBP01-010,天音かなた,"#4期生, #JP, #歌",,,
237,hBP01-011,天音かなた,"#4期生, #JP, #歌",,,
238,hBP01-012,天音かなた,"#4期生, #JP, #歌",,,
239,hBP01-013,天音かなた,"#4期生, #JP, #歌",,,
241,hBP01-014,天音かなた,"#4期生, #JP, #歌",,,
240,hBP01-015,七詩ムメイ,"#EN, #Promise, #トリ, #絵",,,
245,hBP01-016,七詩ムメイ,"#EN, #Promise, #トリ, #絵",,,
247,hBP01-017,七詩ムメイ,"#EN, #Promise, #トリ, #絵",,,
242,hBP01-018,七詩ムメイ,"#EN, #Promise, #トリ, #絵",,,
244,hBP01-019,七詩ムメイ,"#EN, #Promise, #トリ, #絵",,,
246,hBP01-020,七詩ムメイ,"#EN, #Promise, #トリ, #絵",,,
243,hBP01-021,ときのそら,"#0期生, #JP, #歌",,,
248,hBP01-022,ときのそら,"#0期生, #JP, #歌",,,
249,hBP01-023,ときのそら,"#0期生, #JP, #歌",,,
250,hBP01-024,ベスティア・ゼータ,"#ID, #ID3期生",,,
251,hBP01-025,ベスティア・ゼータ,"#ID, #ID3期生",,,
252,hBP01-026,ベスティア・ゼータ,"#ID, #ID3期生",,,
253,hBP01-027,ベスティア・ゼータ,"#ID, #ID3期生",,,
254,hBP01-028,IRyS,"#EN, #Promise, #歌",,,
255,hBP01-029,IRyS,"#EN, #Promise, #歌",,,
259,hBP01-030,IRyS,"#EN, #Promise, #歌",,,
260,hBP01-031,IRyS,"#EN, #Promise, #歌",,,
258,hBP01-032,アキ・ローゼンタール,"#1期生, #JP, #お酒, #ハーフエルフ",,,
257,hBP01-033,アキ・ローゼンタール,"#1期生, #JP, #お酒, #ハーフエルフ",,,
261,hBP01-034,アキ・ローゼンタール,"#1期生, #JP, #お酒, #ハーフエルフ",,,
256,hBP01-035,アキ・ローゼンタール,"#1期生, #JP, #お酒, #ハーフエルフ",,,
263,hBP01-036,アキ・ローゼンタール,"#1期生, #JP, #お酒, #ハーフエルフ",,,
265,hBP01-037,アキ・ローゼンタール,"#1期生, #JP, #お酒, #ハーフエルフ",,,
264,hBP01-038,兎田ぺこら,"#3期生, #JP, #ケモミミ",,,
267,hBP01-039,兎田ぺこら,"#3期生, #JP, #ケモミミ",,,
268,hBP01-040,兎田ぺこら,"#3期生, #JP, #ケモミミ",,,
269,hBP01-041,兎田ぺこら,"#3期生, #JP, #ケモミミ",,,
272,hBP01-042,兎田ぺこら,"#3期生, #JP, #ケモミミ",,,
271,hBP01-043,兎田ぺこら,"#3期生, #JP, #ケモミミ",,,
273,hBP01-044,AZKi,"#0期生, #JP, #歌",,,
275,hBP01-045,AZKi,"#0期生, #JP, #歌",,,
276,hBP01-046,AZKi,"#0期生, #JP, #歌",,,
277,hBP01-047,AZKi,"#0期生, #JP, #歌",,,
270,hBP01-048,風真いろは,"#JP, #秘密結社holoX",,,
279,hBP01-049,風真いろは,"#JP, #秘密結社holoX",,,
280,hBP01-050,風真いろは,"#JP, #秘密結社holoX",,,
282,hBP01-051,風真いろは,"#JP, #秘密結社holoX",,,
283,hBP01-052,アイラニ・イオフィフティーン,"#ID, #ID1期生, #絵",,,
290,hBP01-053,アイラニ・イオフィフティーン,"#ID, #ID1期生, #絵",,,
288,hBP01-054,アイラニ・イオフィフティーン,"#ID, #ID1期生, #絵",,,
287,hBP01-055,アイラニ・イオフィフティーン,"#ID, #ID1期生, #絵",,,
289,hBP01-056,鷹嶺ルイ,"#JP, #お酒, #トリ, #秘密結社holoX",,,
286,hBP01-057,鷹嶺ルイ,"#JP, #お酒, #トリ, #秘密結社holoX",,,
285,hBP01-058,鷹嶺ルイ,"#JP, #お酒, #トリ, #秘密結社holoX",,,
291,hBP01-059,鷹嶺ルイ,"#JP, #お酒, #トリ, #秘密結社holoX",,,
292,hBP01-060,鷹嶺ルイ,"#JP, #お酒, #トリ, #秘密結社holoX",,,
293,hBP01-061,鷹嶺ルイ,"#JP, #お酒, #トリ, #秘密結社holoX",,,
295,hBP01-062,小鳥遊キアラ,"#EN, #Myth, #トリ",,,
294,hBP01-063,小鳥遊キアラ,"#EN, #Myth, #トリ",,,
296,hBP01-064,小鳥遊キアラ,"#EN, #Myth, #トリ",,,
297,hBP01-065,小鳥遊キアラ,"#EN, #Myth, #トリ",,,
298,hBP01-066,小鳥遊キアラ,"#EN, #Myth, #トリ",,,
299,hBP01-067,小鳥遊キアラ,"#EN, #Myth, #トリ",,,
301,hBP01-068,尾丸ポルカ,"#5期生, #JP, #ケモミミ",,,
303,hBP01-069,尾丸ポルカ,"#5期生, #JP, #ケモミミ",,,
306,hBP01-070,尾丸ポルカ,"#5期生, #JP, #ケモミミ",,,
302,hBP01-071,尾丸ポルカ,"#5期生, #JP, #ケモミミ",,,
300,hBP01-072,ハコス・ベールズ,"#EN, #Promise, #ケモミミ",,,
304,hBP01-073,ハコス・ベールズ,"#EN, #Promise, #ケモミミ",,,
308,hBP01-074,ハコス・ベールズ,"#EN, #Promise, #ケモミミ",,,
309,hBP01-075,ハコス・ベールズ,"#EN, #Promise, #ケモミミ",,,
310,hBP01-076,星街すいせい,"#0期生, #JP, #歌",,,
312,hBP01-077,星街すいせい,"#0期生, #JP, #歌",,,
314,hBP01-078,星街すいせい,"#0期生, #JP, #歌",,,
313,hBP01-079,星街すいせい,"#0期生, #JP, #歌",,,
320,hBP01-080,星街すいせい,"#0期生, #JP, #歌",,,
319,hBP01-081,星街すいせい,"#0期生, #JP, #歌",,,
318,hBP01-082,こぼ・かなえる,"#ID, #ID3期生",,,
316,hBP01-083,こぼ・かなえる,"#ID, #ID3期生",,,
322,hBP01-084,こぼ・かなえる,"#ID, #ID3期生",,,
317,hBP01-085,こぼ・かなえる,"#ID, #ID3期生",,,
315,hBP01-086,こぼ・かなえる,"#ID, #ID3期生",,,
323,hBP01-087,こぼ・かなえる,"#ID, #ID3期生",,,
324,hBP01-088,ムーナ・ホシノヴァ,"#ID, #ID1期生, #歌",,,
326,hBP01-089,ムーナ・ホシノヴァ,"#ID, #ID1期生, #歌",,,
328,hBP01-090,ムーナ・ホシノヴァ,"#ID, #ID1期生, #歌",,,
327,hBP01-091,ムーナ・ホシノヴァ,"#ID, #ID1期生, #歌",,,
329,hBP01-092,オーロ・クロニー,"#EN, #Promise",,,
335,hBP01-093,オーロ・クロニー,"#EN, #Promise",,,
336,hBP01-094,オーロ・クロニー,"#EN, #Promise",,,
334,hBP01-095,オーロ・クロニー,"#EN, #Promise",,,
331,hBP01-096,兎田ぺこら,"#3期生, #JP, #ケモミミ",,,
332,hBP01-097,不知火フレア,"#3期生, #JP, #ハーフエルフ",,,
333,hBP01-098,白銀ノエル,"#3期生, #JP, #お酒",,,
330,hBP01-099,宝鐘マリン,"#3期生, #JP, #海, #絵",,,
337,hBP01-100,森カリオペ,"#EN, #Myth, #歌",,,
339,hBP01-101,ワトソン・アメリア,"#EN, #Myth",,,
161,hBP01-102,アイドルマイク,,,,
160,hBP01-103,ゲーミングパソコン,,,,
338,hBP01-104,ふつうのパソコン,,,,
340,hBP01-105,ペンライト,,,,
344,hBP01-106,あとは任せた！,,,,
163,hBP01-107,アンコール,,,,
341,hBP01-108,じゃあ敵だね,,,,
162,hBP01-109,月と兎の物語,,,,
164,hBP01-110,鈍器でぶっ叩くわよ！,,,,
169,hBP01-111,ホロライブインドネシア3期生,,,,
165,hBP01-112,わくわくいたずらタイム,,,,
166,hBP01-113,Promise,,,,
342,hBP01-114,石の斧,,,,
168,hBP01-115,星街すいせいのマイク,,,,
343,hBP01-116,うぱお,,,,
172,hBP01-117,フレンド,,,,
170,hBP01-118,あん肝,,,,
171,hBP01-119,ジョブズ,,,,
167,hBP01-120,がんも,,,,
173,hBP01-121,Kotori,,,,
174,hBP01-122,ロゼ隊,,,,
175,hBP01-123,野うさぎ同盟,,,,
176,hBP01-124,開拓者,,,,
177,hBP01-125,KFP,,,,
348,hBP01-126,座員,,,,
351,hBP02-001,白上フブキ,,,,
346,hBP02-002,パヴォリア・レイネ,,,,
349,hBP02-003,宝鐘マリン,,,,
350,hBP02-004,沙花叉クロヱ,,,,
345,hBP02-005,紫咲シオン,,,,
347,hBP02-006,クレイジー・オリー,,,,
352,hBP02-007,森カリオペ,,,,
353,hBP02-008,白上フブキ,"#1期生, #JP, #ケモミミ, #ゲーマーズ, #絵",,,
355,hBP02-009,白上フブキ,"#1期生, #JP, #ケモミミ, #ゲーマーズ, #絵",,,
357,hBP02-010,白上フブキ,"#1期生, #JP, #ケモミミ, #ゲーマーズ, #絵",,,
356,hBP02-011,白上フブキ,"#1期生, #JP, #ケモミミ, #ゲーマーズ, #絵",,,
359,hBP02-012,白上フブキ,"#1期生, #JP, #ケモミミ, #ゲーマーズ, #絵",,,
358,hBP02-013,白上フブキ,"#1期生, #JP, #ケモミミ, #ゲーマーズ, #絵",,,
363,hBP02-014,白銀ノエル,"#3期生, #JP, #お酒",,,
367,hBP02-015,白銀ノエル,"#3期生, #JP, #お酒",,,
366,hBP02-016,白銀ノエル,"#3期生, #JP, #お酒",,,
361,hBP02-017,白銀ノエル,"#3期生, #JP, #お酒",,,
362,hBP02-018,パヴォリア・レイネ,"#ID, #ID2期生, #トリ, #絵",,,
360,hBP02-019,パヴォリア・レイネ,"#ID, #ID2期生, #トリ, #絵",,,
365,hBP02-020,パヴォリア・レイネ,"#ID, #ID2期生, #トリ, #絵",,,
368,hBP02-021,パヴォリア・レイネ,"#ID, #ID2期生, #トリ, #絵",,,
370,hBP02-022,パヴォリア・レイネ,"#ID, #ID2期生, #トリ, #絵",,,
369,hBP02-023,パヴォリア・レイネ,"#ID, #ID2期生, #トリ, #絵",,,
371,hBP02-024,大神ミオ,"#JP, #ケモミミ, #ゲーマーズ, #料理",,,
374,hBP02-025,大神ミオ,"#JP, #ケモミミ, #ゲーマーズ, #料理",,,
372,hBP02-026,大神ミオ,"#JP, #ケモミミ, #ゲーマーズ, #料理",,,
373,hBP02-027,大神ミオ,"#JP, #ケモミミ, #ゲーマーズ, #料理",,,
379,hBP02-028,宝鐘マリン,"#3期生, #JP, #海, #絵",,,
378,hBP02-029,宝鐘マリン,"#3期生, #JP, #お酒, #海, #絵",,,
375,hBP02-030,宝鐘マリン,"#3期生, #JP, #海, #絵",,,
382,hBP02-031,宝鐘マリン,"#3期生, #JP, #海, #絵",,,
377,hBP02-032,宝鐘マリン,"#3期生, #JP, #海, #絵",,,
380,hBP02-033,宝鐘マリン,"#3期生, #JP, #海, #絵",,,
376,hBP02-034,百鬼あやめ,"#2期生, #JP, #シューター",,,
381,hBP02-035,沙花叉クロヱ,"#JP, #海, #秘密結社holoX",,,
383,hBP02-036,沙花叉クロヱ,"#JP, #海, #秘密結社holoX",,,
384,hBP02-037,沙花叉クロヱ,"#JP, #海, #秘密結社holoX",,,
385,hBP02-038,沙花叉クロヱ,"#JP, #海, #秘密結社holoX",,,
387,hBP02-039,沙花叉クロヱ,"#JP, #海, #秘密結社holoX",,,
388,hBP02-040,沙花叉クロヱ,"#JP, #海, #秘密結社holoX",,,
386,hBP02-041,猫又おかゆ,"#JP, #ケモミミ, #ゲーマーズ, #歌",,,
389,hBP02-042,紫咲シオン,"#2期生, #JP",,,
396,hBP02-043,紫咲シオン,"#2期生, #JP",,,
391,hBP02-044,紫咲シオン,"#2期生, #JP, #ケモミミ",,,
395,hBP02-045,紫咲シオン,"#2期生, #JP",,,
392,hBP02-046,紫咲シオン,"#2期生, #JP",,,
397,hBP02-047,紫咲シオン,"#2期生, #JP",,,
390,hBP02-048,クレイジー・オリー,"#ID, #ID2期生, #語学",,,
394,hBP02-049,クレイジー・オリー,"#ID, #ID2期生, #語学",,,
393,hBP02-050,クレイジー・オリー,"#ID, #ID2期生, #語学",,,
398,hBP02-051,クレイジー・オリー,"#ID, #ID2期生, #語学",,,
399,hBP02-052,クレイジー・オリー,"#ID, #ID2期生, #語学",,,
400,hBP02-053,クレイジー・オリー,"#ID, #ID2期生, #語学",,,
403,hBP02-054,森カリオペ,"#EN, #Myth, #歌",,,
402,hBP02-055,森カリオペ,"#EN, #Myth, #歌",,,
401,hBP02-056,森カリオペ,"#EN, #Myth, #歌",,,
406,hBP02-057,森カリオペ,"#EN, #Myth, #歌",,,
410,hBP02-058,森カリオペ,"#EN, #Myth, #歌",,,
408,hBP02-059,森カリオペ,"#EN, #Myth, #歌",,,
407,hBP02-060,癒月ちょこ,"#2期生, #JP, #料理",,,
405,hBP02-061,一伊那尓栖,"#EN, #Myth, #海, #絵",,,
409,hBP02-062,一伊那尓栖,"#EN, #Myth, #海, #絵",,,
411,hBP02-063,一伊那尓栖,"#EN, #Myth, #海, #絵",,,
412,hBP02-064,一伊那尓栖,"#EN, #Myth, #海, #絵",,,
413,hBP02-065,ネリッサ・レイヴンクロフト,"#Advent, #EN, #トリ, #歌",,,
417,hBP02-066,ネリッサ・レイヴンクロフト,"#Advent, #EN, #トリ, #歌",,,
418,hBP02-067,ネリッサ・レイヴンクロフト,"#Advent, #EN, #トリ, #歌",,,
415,hBP02-068,ネリッサ・レイヴンクロフト,"#Advent, #EN, #トリ, #歌",,,
113,hBP02-069,魔法少女みこ,"#0期生, #ホロウィッチ, #魔法",,,
114,hBP02-070,魔法少女かなた,"#4期生, #ホロウィッチ, #魔法",,,
116,hBP02-071,魔法少女ルーナ,"#4期生, #ホロウィッチ, #魔法",,,
115,hBP02-072,魔法少女シオン,"#2期生, #ホロウィッチ, #魔法",,,
117,hBP02-073,魔法少女マリン,"#3期生, #ホロウィッチ, #魔法",,,
119,hBP02-074,魔法少女クロヱ,"#ホロウィッチ, #秘密結社holoX, #魔法",,,
118,hBP02-075,アイドルサインペン,,,,
419,hBP02-076,カスタムパソコン,,,,
416,hBP02-077,レトロパソコン,,,,
120,hBP02-078,かなた建設,,,,
123,hBP02-079,爆発の魔法,#魔法,,,
422,hBP02-080,秘密結社holoX,,,,
121,hBP02-081,ホロライブ インドネシア2期生,,,,
127,hBP02-082,ホロライブゲーマーズ,,,,
124,hBP02-083,魔法のタンス,#魔法,,,
420,hBP02-084,みっころね24,,,,
126,hBP02-085,HOLOLIVE FANTASY,,,,
125,hBP02-086,ホロスパークリング,,,,
122,hBP02-087,紫咲シオンの魔法のステッキ,#魔法,,,
129,hBP02-088,森カリオペの鎌,,,,
128,hBP02-089,おるやんけ,#白上'sキャラクター,,,
130,hBP02-090,ネジマキツネ,#白上'sキャラクター,,,
131,hBP02-091,フブチュン,#白上'sキャラクター,,,
134,hBP02-092,フブラ,#白上'sキャラクター,,,
132,hBP02-093,ミテイル,#白上'sキャラクター,,,
133,hBP02-094,Tatang,,,,
426,hBP02-095,ドクロくん,,,,
142,hBP02-096,イヌ,,,,
138,hBP02-097,UDIN,,,,
139,hBP02-098,Death-sensei,,,,
135,hBP02-099,すこん部,#白上'sキャラクター,,,
140,hBP02-100,白銀聖騎士団,,,,
141,hBP02-101,ミオファ,,,,
136,hBP02-102,塩っ子,,,,
423,hBP03-001,姫森ルーナ,,,,
421,hBP03-002,獅白ぼたん,,,,
427,hBP03-003,さくらみこ,,,,
425,hBP03-004,FUWAMOCO,,,,
424,hBP03-005,常闇トワ,,,,
428,hBP03-006,戌神ころね,,,,
429,hBP03-007,角巻わため,,,,
430,hBP03-008,アユンダ・リス,,,,
431,hBP03-009,姫森ルーナ,"#4期生, #JP, #ベイビー",,,
432,hBP03-010,姫森ルーナ,"#4期生, #JP, #ベイビー",,,
434,hBP03-011,姫森ルーナ,"#4期生, #JP, #ベイビー",,,
437,hBP03-012,姫森ルーナ,"#4期生, #JP, #ベイビー",,,
438,hBP03-013,姫森ルーナ,"#4期生, #JP, #ベイビー",,,
442,hBP03-014,姫森ルーナ,"#4期生, #JP, #ベイビー",,,
435,hBP03-015,轟はじめ,"#DEV_IS, #ReGLOSS, #ベイビー",,,
436,hBP03-016,獅白ぼたん,"#5期生, #JP, #ケモミミ, #シューター",,,
439,hBP03-017,獅白ぼたん,"#5期生, #JP, #ケモミミ, #シューター",,,
441,hBP03-018,獅白ぼたん,"#5期生, #JP, #ケモミミ, #シューター",,,
440,hBP03-019,獅白ぼたん,"#5期生, #JP, #ケモミミ, #シューター",,,
443,hBP03-020,獅白ぼたん,"#5期生, #JP, #ケモミミ, #シューター",,,
445,hBP03-021,獅白ぼたん,"#5期生, #JP, #ケモミミ, #シューター",,,
444,hBP03-022,アキ・ローゼンタール,"#1期生, #JP, #お酒, #ハーフエルフ",,,
446,hBP03-023,兎田ぺこら,"#3期生, #JP, #ケモミミ",,,
447,hBP03-024,風真いろは,"#JP, #秘密結社holoX",,,
449,hBP03-025,さくらみこ,"#0期生, #JP, #ベイビー",,,
448,hBP03-026,さくらみこ,"#0期生, #JP, #ベイビー",,,
453,hBP03-027,さくらみこ,"#0期生, #JP, #ベイビー",,,
450,hBP03-028,さくらみこ,"#0期生, #JP, #ベイビー",,,
454,hBP03-029,さくらみこ,"#0期生, #JP, #ベイビー",,,
456,hBP03-030,さくらみこ,"#0期生, #JP, #ベイビー",,,
457,hBP03-031,赤井はあと,"#1期生, #JP, #料理",,,
452,hBP03-032,赤井はあと,"#1期生, #JP, #料理",,,
455,hBP03-033,赤井はあと,"#1期生, #JP, #料理",,,
451,hBP03-034,赤井はあと,"#1期生, #JP, #料理",,,
458,hBP03-035,鷹嶺ルイ,"#JP, #お酒, #トリ, #秘密結社holoX",,,
459,hBP03-036,小鳥遊キアラ,"#EN, #Myth, #トリ",,,
462,hBP03-037,モココ・アビスガード,"#Advent, #EN, #ケモミミ",,,
460,hBP03-038,モココ・アビスガード,"#Advent, #EN, #ケモミミ",,,
461,hBP03-039,モココ・アビスガード,"#Advent, #EN, #ケモミミ",,,
463,hBP03-040,フワワ・アビスガード,"#Advent, #EN, #ケモミミ",,,
464,hBP03-041,フワワ・アビスガード,"#Advent, #EN, #ケモミミ",,,
470,hBP03-042,フワワ・アビスガード,"#Advent, #EN, #ケモミミ",,,
468,hBP03-043,フワワ・アビスガード,"#Advent, #EN, #ケモミミ",,,
466,hBP03-044,星街すいせい,"#0期生, #JP, #歌",,,
467,hBP03-045,こぼ・かなえる,"#ID, #ID3期生",,,
469,hBP03-046,火威青,"#DEV_IS, #ReGLOSS, #絵",,,
471,hBP03-047,火威青,"#DEV_IS, #ReGLOSS, #絵",,,
472,hBP03-048,火威青,"#DEV_IS, #ReGLOSS, #絵",,,
465,hBP03-049,火威青,"#DEV_IS, #ReGLOSS, #絵",,,
473,hBP03-050,FUWAMOCO,"#Advent, #EN, #ケモミミ",,,
475,hBP03-051,常闇トワ,"#4期生, #JP, #シューター, #歌",,,
474,hBP03-052,常闇トワ,"#4期生, #JP, #シューター, #歌",,,
476,hBP03-053,常闇トワ,"#4期生, #JP, #シューター, #歌",,,
477,hBP03-054,常闇トワ,"#4期生, #JP, #シューター, #歌",,,
479,hBP03-055,常闇トワ,"#4期生, #JP, #シューター, #歌",,,
478,hBP03-056,常闇トワ,"#4期生, #JP, #シューター, #歌",,,
480,hBP03-057,ロボ子さん,"#0期生, #JP, #シューター",,,
487,hBP03-058,ロボ子さん,"#0期生, #JP, #シューター",,,
484,hBP03-059,ロボ子さん,"#0期生, #JP, #シューター",,,
486,hBP03-060,ロボ子さん,"#0期生, #JP, #シューター",,,
481,hBP03-061,戌神ころね,"#JP, #ケモミミ, #ゲーマーズ",,,
483,hBP03-062,戌神ころね,"#JP, #ケモミミ, #ゲーマーズ",,,
488,hBP03-063,戌神ころね,"#JP, #ケモミミ, #ゲーマーズ",,,
489,hBP03-064,戌神ころね,"#JP, #ケモミミ, #ゲーマーズ",,,
490,hBP03-065,戌神ころね,"#JP, #ケモミミ, #ゲーマーズ",,,
491,hBP03-066,戌神ころね,"#JP, #ケモミミ, #ゲーマーズ",,,
494,hBP03-067,角巻わため,"#4期生, #JP, #ケモミミ, #歌",,,
492,hBP03-068,角巻わため,"#4期生, #JP, #ケモミミ, #歌",,,
493,hBP03-069,角巻わため,"#4期生, #JP, #ケモミミ, #歌",,,
500,hBP03-070,角巻わため,"#4期生, #JP, #ケモミミ, #歌",,,
495,hBP03-071,角巻わため,"#4期生, #JP, #ケモミミ, #歌",,,
499,hBP03-072,角巻わため,"#4期生, #JP, #ケモミミ, #歌",,,
502,hBP03-073,アユンダ・リス,"#ID, #ID1期生, #ケモミミ, #歌",,,
496,hBP03-074,アユンダ・リス,"#ID, #ID1期生, #ケモミミ, #歌",,,
497,hBP03-075,アユンダ・リス,"#ID, #ID1期生, #ケモミミ, #歌",,,
501,hBP03-076,アユンダ・リス,"#ID, #ID1期生, #ケモミミ, #歌",,,
498,hBP03-077,アユンダ・リス,"#ID, #ID1期生, #ケモミミ, #歌",,,
503,hBP03-078,アユンダ・リス,"#ID, #ID1期生, #ケモミミ, #歌",,,
504,hBP03-079,不知火フレア,"#3期生, #JP, #ハーフエルフ",,,
506,hBP03-080,音乃瀬奏,"#DEV_IS, #ReGLOSS, #歌",,,
507,hBP03-081,音乃瀬奏,"#DEV_IS, #ReGLOSS, #歌",,,
505,hBP03-082,音乃瀬奏,"#DEV_IS, #ReGLOSS, #歌",,,
508,hBP03-083,音乃瀬奏,"#DEV_IS, #ReGLOSS, #歌",,,
72,hBP03-084,ゴージャスパソコン,,,,
73,hBP03-085,スーパーパソコン,,,,
74,hBP03-086,デュアルモニターパソコン,,,,
75,hBP03-087,コールアンドレスポンス,,,,
82,hBP03-088,凸待ち,,,,
76,hBP03-089,ファンミーティング,,,,
79,hBP03-090,ホロライブ言えるかな？,,,,
81,hBP03-091,ホロライブインドネシア1期生,,,,
77,hBP03-092,ホロライブ0期生,,,,
83,hBP03-093,ホロライブ4期生,,,,
80,hBP03-094,FPS配信,,,,
78,hBP03-095,ホロキャップ,,,,
84,hBP03-096,ライフル,,,,
85,hBP03-097,リコーダー,,,,
86,hBP03-098,金時,,,,
87,hBP03-099,マグチ,,,,
88,hBP03-100,ペロ,,,,
89,hBP03-101,ビビ,,,,
90,hBP03-102,フトイヌ,,,,
96,hBP03-103,ホソイヌ,,,,
95,hBP03-104,Riscot,,,,
509,hBP03-105,ルーナイト,,,,
98,hBP03-106,SSRB,,,,
93,hBP03-107,35P,,,,
91,hBP03-108,はあとん,#白上'sキャラクター,,,
97,hBP03-109,Ruffians,,,,
514,hBP03-110,ろぼさー,,,,
94,hBP03-111,ころねすきー,,,,
92,hBP03-112,わためいと,,,,
99,hBP03-113,Risuners,,,,
512,hBP04-001,博衣こより,,,,
511,hBP04-002,儒烏風亭らでん,,,,
516,hBP04-003,一条莉々華,,,,
513,hBP04-004,雪花ラミィ,,,,
510,hBP04-005,ラプラス・ダークネス,,,,
515,hBP04-006,大空スバル,,,,
517,hBP04-007,アーニャ・メルフィッサ,,,,
518,hBP04-008,博衣こより,"#JP, #ケモミミ, #秘密結社holoX",,,
519,hBP04-009,博衣こより,"#JP, #ケモミミ, #秘密結社holoX",,,
522,hBP04-010,博衣こより,"#JP, #ケモミミ, #秘密結社holoX",,,
520,hBP04-011,博衣こより,"#JP, #ケモミミ, #秘密結社holoX",,,
521,hBP04-012,博衣こより,"#JP, #ケモミミ, #秘密結社holoX",,,
523,hBP04-013,博衣こより,"#JP, #ケモミミ, #秘密結社holoX",,,
524,hBP04-014,白上フブキ,"#1期生, #JP, #ケモミミ, #ゲーマーズ, #絵",,,
530,hBP04-015,IRyS,"#EN, #Promise, #歌",,,
528,hBP04-016,ラオーラ・パンテーラ,"#EN, #Justice, #ケモミミ, #絵",,,
529,hBP04-017,ラオーラ・パンテーラ,"#EN, #Justice, #ケモミミ, #絵",,,
527,hBP04-018,ラオーラ・パンテーラ,"#EN, #Justice, #ケモミミ, #絵",,,
526,hBP04-019,ラオーラ・パンテーラ,"#EN, #Justice, #ケモミミ, #絵",,,
532,hBP04-020,儒烏風亭らでん,"#DEV_IS, #ReGLOSS, #お酒",,,
525,hBP04-021,儒烏風亭らでん,"#DEV_IS, #ReGLOSS, #お酒",,,
533,hBP04-022,儒烏風亭らでん,"#DEV_IS, #ReGLOSS, #お酒",,,
534,hBP04-023,儒烏風亭らでん,"#DEV_IS, #ReGLOSS, #お酒",,,
535,hBP04-024,儒烏風亭らでん,"#DEV_IS, #ReGLOSS, #お酒",,,
536,hBP04-025,儒烏風亭らでん,"#DEV_IS, #ReGLOSS, #お酒",,,
537,hBP04-026,大神ミオ,"#JP, #ケモミミ, #ゲーマーズ, #料理",,,
538,hBP04-027,パヴォリア・レイネ,"#ID, #ID2期生, #トリ, #絵",,,
539,hBP04-028,セシリア・イマーグリーン,"#EN, #Justice, #語学",,,
543,hBP04-029,セシリア・イマーグリーン,"#EN, #Justice, #語学",,,
547,hBP04-030,セシリア・イマーグリーン,"#EN, #Justice, #語学",,,
544,hBP04-031,セシリア・イマーグリーン,"#EN, #Justice, #語学",,,
540,hBP04-032,一条莉々華,"#DEV_IS, #ReGLOSS, #料理, #語学",,,
545,hBP04-033,一条莉々華,"#DEV_IS, #ReGLOSS, #料理, #語学",,,
546,hBP04-034,一条莉々華,"#DEV_IS, #ReGLOSS, #料理, #語学",,,
541,hBP04-035,一条莉々華,"#DEV_IS, #ReGLOSS, #料理, #語学",,,
542,hBP04-036,一条莉々華,"#DEV_IS, #ReGLOSS, #料理, #語学",,,
548,hBP04-037,一条莉々華,"#DEV_IS, #ReGLOSS, #料理, #語学",,,
549,hBP04-038,宝鐘マリン,"#3期生, #JP, #海, #絵",,,
551,hBP04-039,カエラ・コヴァルスキア,"#ID, #ID3期生",,,
550,hBP04-040,カエラ・コヴァルスキア,"#ID, #ID3期生",,,
554,hBP04-041,カエラ・コヴァルスキア,"#ID, #ID3期生",,,
553,hBP04-042,カエラ・コヴァルスキア,"#ID, #ID3期生",,,
552,hBP04-043,雪花ラミィ,"#5期生, #JP, #お酒, #ハーフエルフ",,,
562,hBP04-044,雪花ラミィ,"#5期生, #JP, #お酒, #ハーフエルフ",,,
559,hBP04-045,雪花ラミィ,"#5期生, #JP, #お酒, #ハーフエルフ",,,
561,hBP04-046,雪花ラミィ,"#5期生, #JP, #お酒, #ハーフエルフ",,,
558,hBP04-047,雪花ラミィ,"#5期生, #JP, #お酒, #ハーフエルフ",,,
556,hBP04-048,雪花ラミィ,"#5期生, #JP, #お酒, #ハーフエルフ",,,
555,hBP04-049,ムーナ・ホシノヴァ,"#ID, #ID1期生, #歌",,,
560,hBP04-050,シオリ・ノヴェラ,"#Advent, #EN",,,
563,hBP04-051,シオリ・ノヴェラ,"#Advent, #EN",,,
564,hBP04-052,シオリ・ノヴェラ,"#Advent, #EN",,,
565,hBP04-053,シオリ・ノヴェラ,"#Advent, #EN",,,
566,hBP04-054,ラプラス・ダークネス,"#JP, #シューター, #秘密結社holoX",,,
568,hBP04-055,ラプラス・ダークネス,"#JP, #シューター, #秘密結社holoX",,,
567,hBP04-056,ラプラス・ダークネス,"#JP, #シューター, #秘密結社holoX",,,
569,hBP04-057,ラプラス・ダークネス,"#JP, #シューター, #秘密結社holoX",,,
574,hBP04-058,ラプラス・ダークネス,"#JP, #シューター, #秘密結社holoX",,,
573,hBP04-059,ラプラス・ダークネス,"#JP, #シューター, #秘密結社holoX",,,
577,hBP04-060,紫咲シオン,"#2期生, #JP",,,
570,hBP04-061,クレイジー・オリー,"#ID, #ID2期生, #語学",,,
572,hBP04-062,森カリオペ,"#EN, #Myth, #歌",,,
571,hBP04-063,古石ビジュー,"#Advent, #EN, #ベイビー",,,
575,hBP04-064,古石ビジュー,"#Advent, #EN, #ベイビー",,,
576,hBP04-065,古石ビジュー,"#Advent, #EN, #ベイビー",,,
578,hBP04-066,古石ビジュー,"#Advent, #EN, #ベイビー",,,
579,hBP04-067,大空スバル,"#2期生, #JP, #トリ",,,
582,hBP04-068,大空スバル,"#2期生, #JP, #トリ",,,
583,hBP04-069,大空スバル,"#2期生, #JP, #トリ",,,
584,hBP04-070,大空スバル,"#2期生, #JP, #トリ",,,
581,hBP04-071,大空スバル,"#2期生, #JP, #トリ",,,
585,hBP04-072,大空スバル,"#2期生, #JP, #トリ, #歌",,,
587,hBP04-073,アーニャ・メルフィッサ,"#ID, #ID2期生, #語学",,,
592,hBP04-074,アーニャ・メルフィッサ,"#ID, #ID2期生, #語学",,,
590,hBP04-075,アーニャ・メルフィッサ,"#ID, #ID2期生, #語学",,,
591,hBP04-076,アーニャ・メルフィッサ,"#ID, #ID2期生, #語学",,,
586,hBP04-077,アーニャ・メルフィッサ,"#ID, #ID2期生, #語学",,,
589,hBP04-078,アーニャ・メルフィッサ,"#ID, #ID2期生, #語学",,,
588,hBP04-079,夏色まつり,"#1期生, #JP, #シューター",,,
594,hBP04-080,夏色まつり,"#1期生, #JP, #シューター",,,
595,hBP04-081,夏色まつり,"#1期生, #JP, #シューター",,,
596,hBP04-082,夏色まつり,"#1期生, #JP, #シューター",,,
597,hBP04-083,桃鈴ねね,"#5期生, #JP, #歌, #絵",,,
598,hBP04-084,桃鈴ねね,"#5期生, #JP, #歌, #絵",,,
599,hBP04-085,桃鈴ねね,"#5期生, #JP, #歌, #絵",,,
604,hBP04-086,桃鈴ねね,"#5期生, #JP, #歌, #絵",,,
607,hBP04-087,エリザベス・ローズ・ブラッドフレイム,"#EN, #Justice, #歌",,,
602,hBP04-088,ジジ・ムリン,"#EN, #Justice",,,
54,hBP04-089,ツートンカラーパソコン,,,,
55,hBP04-090,作業用パソコン,,,,
56,hBP04-091,限界飯,#食べ物,,,
57,hBP04-092,ねぽらぼ,,,,
58,hBP04-093,ホロライブ2期生,,,,
60,hBP04-094,まいたけダンス,#きのこ,,,
59,hBP04-095,マスコットキャッチャー,,,,
67,hBP04-096,Advent,,,,
65,hBP04-097,緑の試験管,#こよラボ,,,
66,hBP04-098,鍛冶ハンマー,#カエラ'sアームズ,,,
61,hBP04-099,古代武器,,,,
63,hBP04-100,ココロ,#こよラボ,,,
62,hBP04-101,だいふく,,,,
64,hBP04-102,やめなー,,,,
68,hBP04-103,カラス,,,,
70,hBP04-104,スバルドダック,,,,
69,hBP04-105,こよりの助手くん,#こよラボ,,,
71,hBP04-106,雪民,,,,
601,hBP05-001,白銀ノエル,,,,
606,hBP05-002,アイラニ・イオフィフティーン,,,,
600,hBP05-003,尾丸ポルカ,,,,
603,hBP05-004,猫又おかゆ,,,,
605,hBP05-005,癒月ちょこ,,,,
608,hBP05-006,ネリッサ・レイヴンクロフト,,,,
609,hBP05-007,不知火フレア,,,,
611,hBP05-008,白銀ノエル,"#3期生, #JP, #お酒",,,
610,hBP05-009,白銀ノエル,"#3期生, #JP, #お酒",,,
612,hBP05-010,白銀ノエル,"#3期生, #JP, #お酒",,,
613,hBP05-011,白銀ノエル,"#3期生, #JP, #お酒",,,
614,hBP05-012,白銀ノエル,"#3期生, #JP, #お酒",,,
615,hBP05-013,ときのそら,"#0期生, #JP, #歌",,,
616,hBP05-014,兎田ぺこら,"#3期生, #JP, #ケモミミ",,,
617,hBP05-015,兎田ぺこら,"#3期生, #JP, #ケモミミ",,,
620,hBP05-016,兎田ぺこら,"#3期生, #JP, #ケモミミ",,,
622,hBP05-017,姫森ルーナ,"#4期生, #JP, #ベイビー",,,
621,hBP05-018,ベスティア・ゼータ,"#ID, #ID3期生",,,
619,hBP05-019,アイラニ・イオフィフティーン,"#ID, #ID1期生, #絵",,,
618,hBP05-020,アイラニ・イオフィフティーン,"#ID, #ID1期生, #絵",,,
623,hBP05-021,アイラニ・イオフィフティーン,"#ID, #ID1期生, #絵",,,
624,hBP05-022,アイラニ・イオフィフティーン,"#ID, #ID1期生, #絵",,,
625,hBP05-023,アイラニ・イオフィフティーン,"#ID, #ID1期生, #絵",,,
626,hBP05-024,AZKi,"#0期生, #JP, #歌",,,
629,hBP05-025,アキ・ローゼンタール,"#1期生, #JP, #お酒, #ハーフエルフ",,,
628,hBP05-026,アキ・ローゼンタール,"#1期生, #JP, #お酒, #ハーフエルフ",,,
627,hBP05-027,アキ・ローゼンタール,"#1期生, #JP, #お酒, #ハーフエルフ",,,
633,hBP05-028,獅白ぼたん,"#5期生, #JP, #ケモミミ, #シューター",,,
630,hBP05-029,儒烏風亭らでん,"#DEV_IS, #ReGLOSS, #お酒",,,
635,hBP05-030,尾丸ポルカ,"#5期生, #JP, #ケモミミ",,,
631,hBP05-031,尾丸ポルカ,"#5期生, #JP, #ケモミミ",,,
634,hBP05-032,尾丸ポルカ,"#5期生, #JP, #ケモミミ",,,
636,hBP05-033,尾丸ポルカ,"#5期生, #JP, #ケモミミ",,,
632,hBP05-034,尾丸ポルカ,"#5期生, #JP, #ケモミミ",,,
637,hBP05-035,さくらみこ,"#0期生, #JP, #ベイビー",,,
638,hBP05-036,星街すいせい,"#0期生, #JP, #歌",,,
639,hBP05-037,星街すいせい,"#0期生, #JP, #歌",,,
640,hBP05-038,モココ・アビスガード,"#Advent, #EN, #ケモミミ",,,
641,hBP05-039,一条莉々華,"#DEV_IS, #ReGLOSS, #料理, #語学",,,
643,hBP05-040,miComet,"#0期生, #JP, #ベイビー, #歌",,,
642,hBP05-041,猫又おかゆ,"#JP, #ケモミミ, #ゲーマーズ",,,
644,hBP05-042,猫又おかゆ,"#JP, #ケモミミ, #ゲーマーズ",,,
648,hBP05-043,猫又おかゆ,"#JP, #ケモミミ, #ゲーマーズ",,,
645,hBP05-044,猫又おかゆ,"#JP, #ケモミミ, #ゲーマーズ",,,
646,hBP05-045,猫又おかゆ,"#JP, #ケモミミ, #ゲーマーズ",,,
651,hBP05-046,雪花ラミィ,"#5期生, #JP, #お酒, #ハーフエルフ",,,
652,hBP05-047,こぼ・かなえる,"#ID, #ID3期生",,,
647,hBP05-048,こぼ・かなえる,"#ID, #ID3期生",,,
650,hBP05-049,こぼ・かなえる,"#ID, #ID3期生",,,
649,hBP05-050,フワワ・アビスガード,"#Advent, #EN, #ケモミミ",,,
653,hBP05-051,火威青,"#DEV_IS, #ReGLOSS, #お酒, #絵",,,
654,hBP05-052,癒月ちょこ,"#2期生, #JP, #料理",,,
657,hBP05-053,癒月ちょこ,"#2期生, #JP, #料理",,,
656,hBP05-054,癒月ちょこ,"#2期生, #JP, #料理",,,
655,hBP05-055,癒月ちょこ,"#2期生, #JP, #料理",,,
658,hBP05-056,癒月ちょこ,"#2期生, #JP, #料理",,,
659,hBP05-057,ネリッサ・レイヴンクロフト,"#Advent, #EN, #トリ, #歌",,,
660,hBP05-058,ネリッサ・レイヴンクロフト,"#Advent, #EN, #トリ, #歌",,,
662,hBP05-059,ネリッサ・レイヴンクロフト,"#Advent, #EN, #トリ, #歌",,,
663,hBP05-060,ネリッサ・レイヴンクロフト,"#Advent, #EN, #トリ, #歌",,,
664,hBP05-061,ネリッサ・レイヴンクロフト,"#Advent, #EN, #トリ, #歌",,,
667,hBP05-062,常闇トワ,"#4期生, #JP, #シューター, #歌",,,
661,hBP05-063,不知火フレア,"#3期生, #JP, #ハーフエルフ",,,
665,hBP05-064,不知火フレア,"#3期生, #JP, #ハーフエルフ",,,
666,hBP05-065,不知火フレア,"#3期生, #JP, #ハーフエルフ",,,
668,hBP05-066,不知火フレア,"#3期生, #JP, #ハーフエルフ",,,
669,hBP05-067,不知火フレア,"#3期生, #JP, #ハーフエルフ",,,
672,hBP05-068,白上フブキ,"#1期生, #JP, #ケモミミ, #ゲーマーズ, #絵",,,
670,hBP05-069,白上フブキ,"#1期生, #JP, #ケモミミ, #ゲーマーズ, #絵",,,
671,hBP05-070,白上フブキ,"#1期生, #JP, #ケモミミ, #ゲーマーズ, #絵",,,
673,hBP05-071,戌神ころね,"#JP, #ケモミミ, #ゲーマーズ",,,
674,hBP05-072,角巻わため,"#4期生, #JP, #ケモミミ, #歌",,,
677,hBP05-073,アユンダ・リス,"#ID, #ID1期生, #ケモミミ, #歌",,,
40,hBP05-074,フレンドリーパソコン,,,,
41,hBP05-075,牛丼,#食べ物,,,
44,hBP05-076,ちょこのビーフストロガノフ,#食べ物,,,
43,hBP05-077,バカタレサーカス,,,,
42,hBP05-078,晩酌配信,,,,
45,hBP05-079,み俺恥,,,,
46,hBP05-080,SorAZセレブレーション,,,,
47,hBP05-081,白銀ノエルのメイス,,,,
52,hBP05-082,アキ・ローゼンタールの斧,,,,
51,hBP05-083,ネリッサ・レイヴンクロフトの杖,,,,
50,hBP05-084,角巻わためのハープ,,,,
48,hBP05-085,みこだにぇー,,,,
49,hBP05-086,Cilus,,,,
53,hBP05-087,Jailbird,,,,
679,hBP06-001,ラオーラ・パンテーラ,,,,
680,hBP06-002,響咲リオナ,,,,
681,hBP06-003,風真いろは,,,,
682,hBP06-004,百鬼あやめ,,,,
675,hBP06-005,ハコス・ベールズ,,,,
676,hBP06-006,ムーナ・ホシノヴァ,,,,
678,hBP06-007,ロボ子さん,,,,
683,hBP06-008,夏色まつり,,,,
684,hBP06-009,ラオーラ・パンテーラ,"#EN, #Justice, #ケモミミ, #絵",,,
688,hBP06-010,ラオーラ・パンテーラ,"#EN, #Justice, #ケモミミ, #絵",,,
685,hBP06-011,ラオーラ・パンテーラ,"#EN, #Justice, #ケモミミ, #絵",,,
686,hBP06-012,ラオーラ・パンテーラ,"#EN, #Justice, #ケモミミ, #絵",,,
689,hBP06-013,ラオーラ・パンテーラ,"#EN, #Justice, #ケモミミ, #絵",,,
687,hBP06-014,ラオーラ・パンテーラ,"#EN, #Justice, #ケモミミ, #絵",,,
690,hBP06-015,響咲リオナ,"#DEV_IS, #FLOW GLOW",,,
694,hBP06-016,響咲リオナ,"#DEV_IS, #FLOW GLOW",,,
692,hBP06-017,響咲リオナ,"#DEV_IS, #FLOW GLOW",,,
691,hBP06-018,響咲リオナ,"#DEV_IS, #FLOW GLOW",,,
697,hBP06-019,響咲リオナ,"#DEV_IS, #FLOW GLOW",,,
693,hBP06-020,響咲リオナ,"#DEV_IS, #FLOW GLOW",,,
696,hBP06-021,博衣こより,"#JP, #ケモミミ, #秘密結社holoX",,,
695,hBP06-022,風真いろは,"#JP, #秘密結社holoX",,,
698,hBP06-023,風真いろは,"#JP, #秘密結社holoX",,,
699,hBP06-024,風真いろは,"#JP, #秘密結社holoX",,,
701,hBP06-025,風真いろは,"#JP, #秘密結社holoX",,,
700,hBP06-026,風真いろは,"#JP, #秘密結社holoX",,,
703,hBP06-027,風真いろは,"#JP, #秘密結社holoX",,,
702,hBP06-028,姫森ルーナ,"#4期生, #JP, #ベイビー",,,
704,hBP06-029,姫森ルーナ,"#4期生, #JP, #ベイビー",,,
708,hBP06-030,姫森ルーナ,"#4期生, #JP, #ベイビー",,,
710,hBP06-031,姫森ルーナ,"#4期生, #JP, #ベイビー",,,
709,hBP06-032,セシリア・イマーグリーン,"#EN, #Justice, #語学",,,
711,hBP06-033,儒烏風亭らでん,"#DEV_IS, #ReGLOSS, #お酒",,,
705,hBP06-034,百鬼あやめ,"#2期生, #JP, #シューター",,,
706,hBP06-035,百鬼あやめ,"#2期生, #JP, #シューター",,,
712,hBP06-036,百鬼あやめ,"#2期生, #JP, #シューター",,,
707,hBP06-037,百鬼あやめ,"#2期生, #JP, #シューター",,,
713,hBP06-038,百鬼あやめ,"#2期生, #JP, #シューター",,,
714,hBP06-039,百鬼あやめ,"#2期生, #JP, #シューター",,,
715,hBP06-040,ハコス・ベールズ,"#EN, #Promise, #ケモミミ",,,
716,hBP06-041,ハコス・ベールズ,"#EN, #Promise, #ケモミミ",,,
717,hBP06-042,ハコス・ベールズ,"#EN, #Promise, #ケモミミ",,,
719,hBP06-043,ハコス・ベールズ,"#EN, #Promise, #ケモミミ",,,
718,hBP06-044,ハコス・ベールズ,"#EN, #Promise, #ケモミミ",,,
723,hBP06-045,ハコス・ベールズ,"#EN, #Promise, #ケモミミ",,,
726,hBP06-046,鷹嶺ルイ,"#JP, #お酒, #トリ, #秘密結社holoX",,,
724,hBP06-047,一条莉々華,"#DEV_IS, #ReGLOSS, #料理, #語学",,,
727,hBP06-048,ムーナ・ホシノヴァ,"#ID, #ID1期生, #歌",,,
720,hBP06-049,ムーナ・ホシノヴァ,"#ID, #ID1期生, #歌",,,
725,hBP06-050,ムーナ・ホシノヴァ,"#ID, #ID1期生, #歌",,,
722,hBP06-051,ムーナ・ホシノヴァ,"#ID, #ID1期生, #歌",,,
721,hBP06-052,ムーナ・ホシノヴァ,"#ID, #ID1期生, #歌",,,
728,hBP06-053,ムーナ・ホシノヴァ,"#ID, #ID1期生, #歌",,,
729,hBP06-054,雪花ラミィ,"#5期生, #JP, #お酒, #ハーフエルフ",,,
731,hBP06-055,沙花叉クロヱ,"#JP, #海, #秘密結社holoX",,,
730,hBP06-056,沙花叉クロヱ,"#JP, #海, #秘密結社holoX",,,
733,hBP06-057,森カリオペ,"#EN, #Myth, #歌",,,
732,hBP06-058,森カリオペ,"#EN, #Myth, #歌",,,
734,hBP06-059,森カリオペ,"#EN, #Myth, #歌",,,
738,hBP06-060,森カリオペ,"#EN, #Myth, #歌",,,
740,hBP06-061,ロボ子さん,"#0期生, #JP, #シューター",,,
735,hBP06-062,ロボ子さん,"#0期生, #JP, #シューター",,,
739,hBP06-063,ロボ子さん,"#0期生, #JP, #シューター",,,
737,hBP06-064,ロボ子さん,"#0期生, #JP, #シューター",,,
742,hBP06-065,ロボ子さん,"#0期生, #JP, #シューター",,,
736,hBP06-066,ロボ子さん,"#0期生, #JP, #シューター",,,
741,hBP06-067,戌神ころね,"#JP, #ケモミミ, #ゲーマーズ",,,
743,hBP06-068,戌神ころね,"#JP, #ケモミミ, #ゲーマーズ",,,
744,hBP06-069,戌神ころね,"#JP, #ケモミミ, #ゲーマーズ",,,
745,hBP06-070,戌神ころね,"#JP, #ケモミミ, #ゲーマーズ",,,
747,hBP06-071,ラプラス・ダークネス,"#JP, #シューター, #秘密結社holoX",,,
748,hBP06-072,夏色まつり,"#1期生, #JP, #シューター",,,
746,hBP06-073,夏色まつり,"#1期生, #JP, #シューター",,,
749,hBP06-074,夏色まつり,"#1期生, #JP, #シューター",,,
752,hBP06-075,夏色まつり,"#1期生, #JP, #シューター",,,
753,hBP06-076,夏色まつり,"#1期生, #JP, #シューター",,,
751,hBP06-077,夏色まつり,"#1期生, #JP, #シューター",,,
757,hBP06-078,大空スバル,"#2期生, #JP, #トリ",,,
750,hBP06-079,大空スバル,"#2期生, #JP, #トリ",,,
755,hBP06-080,大空スバル,"#2期生, #JP, #トリ",,,
756,hBP06-081,大空スバル,"#2期生, #JP, #トリ",,,
754,hBP06-082,アーニャ・メルフィッサ,"#ID, #ID2期生, #語学",,,
758,hBP06-083,ラムダック,"#2期生, #4期生, #JP, #ケモミミ, #トリ, #歌",,,
4,hBP06-084,AIこより,"#JP, #ケモミミ, #秘密結社holoX",,,
1,hBP06-085,フェイバリットパソコン,,,,
7,hBP06-086,愛情いっぱい召し上がれ♪,,,,
8,hBP06-087,しめじダンス,,,,
6,hBP06-088,ドッキリうさぎ,,,,
5,hBP06-089,ドローイングストリーム,,,,
3,hBP06-090,ブルームステージ,,,,
2,hBP06-091,ホロライブ1期生,,,,
9,hBP06-092,マヨネーズちゅっちゅっ,,,,
11,hBP06-093,山田ルイ54世,,,,
10,hBP06-094,ワークアウト,,,,
13,hBP06-095,IDENTIFY -AREA 15-,,,,
12,hBP06-096,2人あわせてラムダック！,,,,
15,hBP06-097,カワイイスタジャン,,,,
14,hBP06-098,鬼神刀「阿修羅」,,,,
18,hBP06-099,ゆび,,,,
22,hBP06-100,Chattino,,,,
17,hBP06-101,ムーナびと,,,,
19,hBP06-102,えびふらいおん,,,,
20,hBP06-103,まつりす,,,,
16,hBP06-104,スバ友,,,,
759,hSD01-001,ときのそら,,,,
760,hSD01-002,AZKi,,,,
761,hSD01-003,ときのそら,"#0期生, #JP, #歌",,,
763,hSD01-004,ときのそら,"#0期生, #JP, #歌",,,
762,hSD01-005,ときのそら,"#0期生, #JP, #歌",,,
764,hSD01-006,ときのそら,"#0期生, #JP, #歌",,,
765,hSD01-007,IRyS,"#EN, #Promise, #歌",,,
766,hSD01-008,AZKi,"#0期生, #JP, #歌",,,
772,hSD01-009,AZKi,"#0期生, #JP, #歌",,,
771,hSD01-010,AZKi,"#0期生, #JP, #歌",,,
767,hSD01-011,AZKi,"#0期生, #JP, #歌",,,
769,hSD01-012,アイラニ・イオフィフティーン,"#ID, #ID1期生, #絵",,,
770,hSD01-013,SorAZ,"#0期生, #JP, #歌",,,
768,hSD01-014,天音かなた,"#4期生, #JP, #歌",,,
773,hSD01-015,博衣こより,"#JP, #ケモミミ, #秘密結社holoX",,,
774,hSD01-016,春先のどか,,,,
776,hSD01-017,マネちゃん,,,,
775,hSD01-018,サブパソコン,,,,
779,hSD01-019,スゴイパソコン,,,,
777,hSD01-020,ホロリスの輪,,,,
137,hSD01-021,First Gravity,,,,
778,hSD02-001,百鬼あやめ,,,,
780,hSD02-002,百鬼あやめ,"#2期生, #JP, #シューター",,,
785,hSD02-003,百鬼あやめ,"#2期生, #JP, #シューター",,,
782,hSD02-004,百鬼あやめ,"#2期生, #JP, #シューター",,,
783,hSD02-005,百鬼あやめ,"#2期生, #JP, #シューター",,,
781,hSD02-006,百鬼あやめ,"#2期生, #JP, #シューター",,,
784,hSD02-007,百鬼あやめ,"#2期生, #JP, #シューター",,,
787,hSD02-008,百鬼あやめ,"#2期生, #JP, #シューター",,,
788,hSD02-009,百鬼あやめ,"#2期生, #JP, #シューター",,,
789,hSD02-010,白上フブキ,"#1期生, #JP, #ケモミミ, #ゲーマーズ, #絵",,,
791,hSD02-011,大神ミオ,"#JP, #ケモミミ, #ゲーマーズ, #料理",,,
107,hSD02-012,いろはにほへっと あやふぶみ,,,,
109,hSD02-013,阿修羅＆羅刹,,,,
790,hSD02-014,ぽよ余,#白上'sキャラクター,,,
794,hSD03-001,猫又おかゆ,,,,
792,hSD03-002,猫又おかゆ,"#JP, #ケモミミ, #ゲーマーズ",,,
798,hSD03-003,猫又おかゆ,"#JP, #ケモミミ, #ゲーマーズ",,,
797,hSD03-004,猫又おかゆ,"#JP, #ケモミミ, #ゲーマーズ",,,
802,hSD03-005,猫又おかゆ,"#JP, #ケモミミ, #ゲーマーズ",,,
795,hSD03-006,猫又おかゆ,"#JP, #ケモミミ, #ゲーマーズ, #歌",,,
796,hSD03-007,猫又おかゆ,"#JP, #ケモミミ, #ゲーマーズ",,,
800,hSD03-008,猫又おかゆ,"#JP, #ケモミミ, #ゲーマーズ",,,
799,hSD03-009,猫又おかゆ,"#JP, #ケモミミ, #ゲーマーズ",,,
801,hSD03-010,戌神ころね,"#JP, #ケモミミ, #ゲーマーズ",,,
803,hSD03-011,ラプラス・ダークネス,"#JP, #シューター, #秘密結社holoX",,,
110,hSD03-012,泥棒建設,,,,
111,hSD03-013,おかにゃん,,,,
105,hSD03-014,おにぎりゃー,,,,
804,hSD04-001,癒月ちょこ,,,,
805,hSD04-002,癒月ちょこ,"#2期生, #JP, #料理",,,
807,hSD04-003,癒月ちょこ,"#2期生, #JP, #料理",,,
808,hSD04-004,癒月ちょこ,"#2期生, #JP, #料理",,,
809,hSD04-005,癒月ちょこ,"#2期生, #JP, #料理",,,
812,hSD04-006,癒月ちょこ,"#2期生, #JP, #料理",,,
815,hSD04-007,癒月ちょこ,"#2期生, #JP, #料理",,,
814,hSD04-008,癒月ちょこ,"#2期生, #JP, #料理",,,
816,hSD04-009,癒月ちょこ,"#2期生, #JP, #料理",,,
810,hSD04-010,大空スバル,"#2期生, #JP",,,
817,hSD04-011,姫森ルーナ,"#4期生, #JP",,,
106,hSD04-012,スバちょこルーナ,,,,
112,hSD04-013,ちょこのオムライス,#食べ物,,,
108,hSD04-014,しょこら,,,,
811,hSD05-001,轟はじめ,,,,
813,hSD05-002,轟はじめ,"#DEV_IS, #ReGLOSS, #ベイビー",,,
818,hSD05-003,轟はじめ,"#DEV_IS, #ReGLOSS, #ベイビー",,,
819,hSD05-004,轟はじめ,"#DEV_IS, #ReGLOSS, #ベイビー",,,
822,hSD05-005,轟はじめ,"#DEV_IS, #ReGLOSS, #ベイビー",,,
821,hSD05-006,轟はじめ,"#DEV_IS, #ReGLOSS, #ベイビー",,,
823,hSD05-007,轟はじめ,"#DEV_IS, #ReGLOSS, #ベイビー",,,
820,hSD05-008,轟はじめ,"#DEV_IS, #ReGLOSS, #ベイビー",,,
824,hSD05-009,轟はじめ,"#DEV_IS, #ReGLOSS, #ベイビー",,,
828,hSD05-010,儒烏風亭らでん,"#DEV_IS, #ReGLOSS, #お酒",,,
826,hSD05-011,一条莉々華,"#DEV_IS, #ReGLOSS, #料理",,,
829,hSD05-012,火威青,"#DEV_IS, #ReGLOSS, #絵",,,
825,hSD05-013,音乃瀬奏,"#DEV_IS, #ReGLOSS, #歌",,,
103,hSD05-014,ばんぺん,,,,
831,hSD06-001,風真いろは,,,,
827,hSD06-002,風真いろは,"#JP, #秘密結社holoX",,,
832,hSD06-003,風真いろは,"#JP, #秘密結社holoX",,,
830,hSD06-004,風真いろは,"#JP, #秘密結社holoX",,,
833,hSD06-005,風真いろは,"#JP, #秘密結社holoX",,,
834,hSD06-006,風真いろは,"#JP, #秘密結社holoX",,,
835,hSD06-007,風真いろは,"#JP, #秘密結社holoX",,,
838,hSD06-008,博衣こより,"#JP, #ケモミミ, #秘密結社holoX",,,
836,hSD06-009,鷹嶺ルイ,"#JP, #お酒, #トリ, #秘密結社holoX",,,
837,hSD06-010,ラプラス・ダークネス,"#JP, #シューター, #秘密結社holoX",,,
102,hSD06-011,ﾁｬｷ丸,,,,
104,hSD06-012,ぽこべぇ,,,,
839,hSD07-001,不知火フレア,,,,
840,hSD07-002,不知火フレア,"#3期生, #JP, #ハーフエルフ",,,
841,hSD07-003,不知火フレア,"#3期生, #JP, #ハーフエルフ",,,
847,hSD07-004,不知火フレア,"#3期生, #JP, #ハーフエルフ",,,
844,hSD07-005,不知火フレア,"#3期生, #JP, #ハーフエルフ",,,
845,hSD07-006,不知火フレア,"#3期生, #JP, #ハーフエルフ",,,
846,hSD07-007,不知火フレア,"#3期生, #JP, #ハーフエルフ",,,
842,hSD07-008,不知火フレア,"#3期生, #JP, #ハーフエルフ",,,
848,hSD07-009,不知火フレア,"#3期生, #JP, #ハーフエルフ",,,
849,hSD07-010,白銀ノエル,"#3期生, #JP, #お酒",,,
850,hSD07-011,さくらみこ,"#0期生, #JP, #ベイビー",,,
851,hSD07-012,尾丸ポルカ,"#5期生, #JP, #ケモミミ",,,
853,hSD07-013,星街すいせい,"#0期生, #JP, #歌",,,
100,hSD07-014,不知火建設,,,,
101,hSD07-015,エルフレンド,,,,
852,hSD08-001,天音かなた,,,,
854,hSD08-002,天音かなた,"#4期生, #JP, #サマー, #歌",,,
859,hSD08-003,天音かなた,"#4期生, #JP, #歌",,,
855,hSD08-004,天音かなた,"#4期生, #JP, #歌",,,
860,hSD08-005,姫森ルーナ,"#4期生, #JP, #サマー, #ベイビー",,,
856,hSD08-006,常闇トワ,"#4期生, #JP, #サマー, #シューター, #歌",,,
862,hSD08-007,角巻わため,"#4期生, #JP, #ケモミミ, #サマー, #歌",,,
861,hSD09-001,宝鐘マリン,,,,
858,hSD09-002,宝鐘マリン,"#3期生, #JP, #サマー, #海, #絵",,,
857,hSD09-003,宝鐘マリン,"#3期生, #JP, #海, #絵",,,
863,hSD09-004,宝鐘マリン,"#3期生, #JP, #海, #絵",,,
864,hSD09-005,白銀ノエル,"#3期生, #JP, #お酒, #サマー",,,
865,hSD09-006,兎田ぺこら,"#3期生, #JP, #ケモミミ, #サマー",,,
867,hSD09-007,不知火フレア,"#3期生, #JP, #サマー, #ハーフエルフ",,,
37,hSD10-001,輪堂千速,,,,
33,hSD10-002,輪堂千速,"#DEV_IS, #FLOW GLOW",,,
32,hSD10-003,輪堂千速,"#DEV_IS, #FLOW GLOW",,,
38,hSD10-004,輪堂千速,"#DEV_IS, #FLOW GLOW",,,
36,hSD10-005,輪堂千速,"#DEV_IS, #FLOW GLOW",,,
34,hSD10-006,輪堂千速,"#DEV_IS, #FLOW GLOW",,,
35,hSD10-007,綺々羅々ヴィヴィ,"#DEV_IS, #FLOW GLOW",,,
31,hSD10-008,綺々羅々ヴィヴィ,"#DEV_IS, #FLOW GLOW",,,
39,hSD10-009,綺々羅々ヴィヴィ,"#DEV_IS, #FLOW GLOW",,,
866,hSD10-010,響咲リオナ,"#DEV_IS, #FLOW GLOW",,,
869,hSD10-011,WHAT'S UP!!!!! KEEEEEP GROWING!!!!!,,,,
868,hSD10-012,FLOW GLOW,,,,
870,hSD10-013,ふぐ太郎,,,,
21,hSD11-001,虎金妃笑虎,,,,
23,hSD11-002,虎金妃笑虎,"#DEV_IS, #FLOW GLOW",,,
24,hSD11-003,虎金妃笑虎,"#DEV_IS, #FLOW GLOW",,,
25,hSD11-004,虎金妃笑虎,"#DEV_IS, #FLOW GLOW",,,
26,hSD11-005,虎金妃笑虎,"#DEV_IS, #FLOW GLOW",,,
27,hSD11-006,虎金妃笑虎,"#DEV_IS, #FLOW GLOW",,,
28,hSD11-007,水宮枢,"#DEV_IS, #FLOW GLOW",,,
29,hSD11-008,水宮枢,"#DEV_IS, #FLOW GLOW",,,
30,hSD11-009,水宮枢,"#DEV_IS, #FLOW GLOW",,,
876,hY01-001,白エール,,,,
1706,hY01-002,白エール,,,,
1692,hY01-003,白エール,,,,
1696,hY01-004,白エール,,,,
1704,hY01-005,白エール,,,,
1687,hY01-006,白エール,,,,
1683,hY01-007,白エール,,,,
1705,hY01-009,白エール,,,,
1672,hY01-010,白エール,,,,
873,hY02-001,緑エール,,,,
1700,hY02-002,緑エール,,,,
1695,hY02-003,緑エール,,,,
1714,hY02-004,緑エール,,,,
1688,hY02-005,緑エール,,,,
1680,hY02-006,緑エール,,,,
1711,hY02-007,緑エール,,,,
1674,hY02-008,緑エール,,,,
877,hY03-001,赤エール,,,,
1701,hY03-002,赤エール,,,,
1697,hY03-003,赤エール,,,,
1690,hY03-004,赤エール,,,,
1710,hY03-005,赤エール,,,,
1708,hY03-006,赤エール,,,,
1707,hY03-007,赤エール,,,,
1709,hY03-008,赤エール,,,,
1684,hY03-009,赤エール,,,,
1712,hY03-011,赤エール,,,,
1713,hY03-012,赤エール,,,,
1676,hY03-013,赤エール,,,,
878,hY04-001,青エール,,,,
1702,hY04-002,青エール,,,,
1694,hY04-003,青エール,,,,
1715,hY04-004,青エール,,,,
1691,hY04-005,青エール,,,,
1681,hY04-006,青エール,,,,
1686,hY04-007,青エール,,,,
1716,hY04-009,青エール,,,,
1682,hY04-010,青エール,,,,
880,hY05-001,紫エール,,,,
1703,hY05-002,紫エール,,,,
1698,hY05-003,紫エール,,,,
1689,hY05-004,紫エール,,,,
1679,hY05-005,紫エール,,,,
1717,hY05-007,紫エール,,,,
1677,hY05-008,紫エール,,,,
879,hY06-001,黄エール,,,,
1699,hY06-002,黄エール,,,,
1718,hY06-003,黄エール,,,,
1693,hY06-004,黄エール,,,,
1685,hY06-005,黄エール,,,,
1719,hY06-006,黄エール,,,,
1678,hY06-007,黄エール,,,,
875,hYS01-001,七詩ムメイ,,,,
871,hYS01-002,兎田ぺこら,,,,
872,hYS01-003,小鳥遊キアラ,,,,
874,hYS01-004,星街すいせい,,,,
